Potion,Tier,Distance
SWIFTNESS,3,129.02292120909482
GROWTH,3,306.83684274920233
