Potion,Tier,Distance
HEAL,2,650.6098643619214
LIGHT,2,1481.085660822357
POISON,2,403.5966813183574
HEAL,2,843.4141837306865
