Potion,Tier,Distance
HEAL,2,650.6098643619214
LIGHT,2,1481.085660822357
